{
  "todos": [
    {
      "id": 4,
      "name": "Learn angular",
      "completed": false,
      "date": "2021-02-14T18:40:40.557Z"
    },
    {
      "id": 7,
      "name": "Learn MongoDB",
      "completed": false,
      "date": "2021-02-14T18:40:51.220Z"
    },
    {
      "id": 8,
      "name": "Learn Node",
      "completed": false,
      "date": "2021-02-14T17:52:32.396Z"
    },
    {
      "id": 9,
      "name": "Learn Python",
      "completed": false,
      "date": "2021-02-14T17:59:29.537Z"
    },
    {
      "id": 10,
      "name": "Learn Javascript",
      "completed": false,
      "date": "2021-02-14T18:41:09.680Z"
    }
  ]
}